Deciles,Predicted,Weekly_Sales
9,69401.12395,69401.12395
8,32667.04752,32667.04752
7,20838.23899,20838.23899
6,14504.66571,14504.66571
5,9814.666628,9814.666628
4,6792.214287,6792.214287
3,4265.316523,4265.316523
2,2492.087455,2492.087455
1,1097.64427,1097.64427
0,260.7163344,260.7163344
