Deciles,Predicted,Weekly_Sales
9,2216969.036,66490.31218
8,16645.094,31958.38186
7,8152.266714,20582.62099
6,5459.81374,13322.08851
5,4103.114137,8987.562718
4,3325.220965,6240.884082
3,2796.210709,4500.7725
2,2329.741109,3137.022875
1,1787.598999,3213.365883
0,849.6585541,1870.286127
