Deciles,Predicted,Weekly_Sales
9,70003.61118,70282.57529
8,32963.21088,32942.33395
7,20486.53445,20446.74619
6,13875.7084,13845.73543
5,9493.6744,9534.513137
4,6315.729144,6269.963559
3,3972.912026,3909.717305
2,2216.893432,2134.444951
1,895.135357,808.9196264
0,156.8311981,128.3482971
